{"epoch": 450, "train_loss": 0.18405004746692125, "_timestamp": 1745331216.1299753, "_runtime": 327.1123332977295, "_step": 450, "test_loss": 0.26459580419155265, "test_mae": 0.3365599811077118, "test_rmse": 0.5152910947799683, "test_r2": 0.7973724600616748, "_wandb": {"runtime": 324}}