{"epoch": 200, "train_loss": 0.22959291810790697, "_timestamp": 1745328957.5020666, "_runtime": 156.0056116580963, "_step": 200, "test_loss": 0.2680912104936746, "test_mae": 0.350978285074234, "test_rmse": 0.5181638598442078, "test_r2": 0.7951068710194693, "_wandb": {"runtime": 154}}