{"epoch": 250, "train_loss": 0.2720715418573498, "_timestamp": 1745329651.1733944, "_runtime": 184.15626740455627, "_step": 250, "test_loss": 0.29126959580641526, "test_mae": 0.36407268047332764, "test_rmse": 0.5404918193817139, "test_r2": 0.7770685328991201, "_wandb": {"runtime": 182}}