{"epoch": 250, "train_loss": 0.2687975458454254, "_timestamp": 1745330036.0659595, "_runtime": 184.43941354751587, "_step": 250, "test_loss": 0.2888988288549276, "test_mae": 0.3655984103679657, "test_rmse": 0.538175106048584, "test_r2": 0.7789755400483209, "_wandb": {"runtime": 182}}