{"epoch": 200, "train_loss": 0.21825235305252924, "_timestamp": 1745328465.3725574, "_runtime": 156.39740347862244, "_step": 200, "test_loss": 0.26061999064225416, "test_mae": 0.3478047549724579, "test_rmse": 0.5108503699302673, "test_r2": 0.800849862689581, "_wandb": {"runtime": 154}}