{"epoch": 200, "train_loss": 0.21890874758593795, "_timestamp": 1745328303.7887, "_runtime": 153.70200514793396, "_step": 200, "test_loss": 0.2638509899377823, "test_mae": 0.34831929206848145, "test_rmse": 0.5140581727027893, "test_r2": 0.7983409542281226, "_wandb": {"runtime": 151}}