{"epoch": 300, "train_loss": 0.21824045418653376, "_timestamp": 1745332094.6829484, "_runtime": 222.44074034690857, "_step": 300, "test_loss": 0.2921622519309704, "test_mae": 0.35111570358276367, "test_rmse": 0.541406512260437, "test_r2": 0.7763133285257813, "_wandb": {"runtime": 220}}