{"epoch": 300, "train_loss": 0.20738577216055043, "_timestamp": 1745332550.7749252, "_runtime": 222.67913818359375, "_step": 300, "test_loss": 0.28289719292750726, "test_mae": 0.35347193479537964, "test_rmse": 0.5326493978500366, "test_r2": 0.7834909794560523, "_wandb": {"runtime": 220}}