{"epoch": 300, "train_loss": 0.2243168980403002, "_timestamp": 1745333001.3157496, "_runtime": 222.64662957191467, "_step": 300, "test_loss": 0.28321407849972063, "test_mae": 0.35543689131736755, "test_rmse": 0.5327649712562561, "test_r2": 0.7833969845131983, "_wandb": {"runtime": 220}}