{"epoch": 250, "train_loss": 0.26441904310454695, "_timestamp": 1745330226.9470468, "_runtime": 184.8552918434143, "_step": 250, "test_loss": 0.2875723854853557, "test_mae": 0.36919406056404114, "test_rmse": 0.5370171070098877, "test_r2": 0.7799256775193363, "_wandb": {"runtime": 183}}