{"epoch": 250, "train_loss": 0.26914631477160045, "_timestamp": 1745329461.3725092, "_runtime": 190.57859134674072, "_step": 250, "test_loss": 0.2903330534696579, "test_mae": 0.36777591705322266, "test_rmse": 0.5394299626350403, "test_r2": 0.7779435991835032, "_wandb": {"runtime": 188}}