{"epoch": 300, "train_loss": 0.20313838898211486, "_timestamp": 1745332772.7339604, "_runtime": 215.94775247573853, "_step": 300, "test_loss": 0.2783011120099288, "test_mae": 0.34645217657089233, "test_rmse": 0.5283215045928955, "test_r2": 0.7869950415689948, "_wandb": {"runtime": 214}}