{"epoch": 200, "train_loss": 0.21966289168642472, "_timestamp": 1745327985.91523, "_runtime": 153.27165699005127, "_step": 200, "test_loss": 0.2760267741405047, "test_mae": 0.34071239829063416, "test_rmse": 0.5262733697891235, "test_r2": 0.7886433375754296, "_wandb": {"runtime": 151}}