{"epoch": 200, "train_loss": 0.24013680427573447, "_timestamp": 1745328635.4298398, "_runtime": 164.50391674041748, "_step": 200, "test_loss": 0.2695782984678562, "test_mae": 0.35090941190719604, "test_rmse": 0.5197727680206299, "test_r2": 0.7938325155282269, "_wandb": {"runtime": 162}}