{"epoch": 200, "train_loss": 0.24402945618643318, "_timestamp": 1745329112.9416523, "_runtime": 149.4182162284851, "_step": 200, "test_loss": 0.2714244110079912, "test_mae": 0.3509235382080078, "test_rmse": 0.5217837691307068, "test_r2": 0.792234092219027, "_wandb": {"runtime": 147}}