{"epoch": 450, "train_loss": 0.1923579425197239, "_timestamp": 1745330882.990979, "_runtime": 320.13030791282654, "_step": 450, "test_loss": 0.2528073054093581, "test_mae": 0.3332517147064209, "test_rmse": 0.5032563209533691, "test_r2": 0.8067268306696207, "_wandb": {"runtime": 318}}