{"epoch": 300, "train_loss": 0.21497115674753522, "_timestamp": 1745332322.4888723, "_runtime": 221.92416834831238, "_step": 300, "test_loss": 0.2908667206764221, "test_mae": 0.35913464426994324, "test_rmse": 0.5396513938903809, "test_r2": 0.7777612778977727, "_wandb": {"runtime": 219}}