{"epoch": 450, "train_loss": 0.19432367323789485, "_timestamp": 1745330557.1447086, "_runtime": 323.95696568489075, "_step": 450, "test_loss": 0.2712778152181552, "test_mae": 0.34676826000213623, "test_rmse": 0.5216599702835083, "test_r2": 0.7923326446478399, "_wandb": {"runtime": 321}}