{"epoch": 10, "train_loss": 1.6139164762118041, "val_loss": 2.9529833047084475, "bleu": 0.3635434128530071, "_timestamp": 1748415376.1221898, "_runtime": 5328.7111077308655, "_step": 9}