{"epoch": 450, "train_loss": 0.18439714269813642, "_timestamp": 1745331866.364957, "_runtime": 319.0941650867462, "_step": 450, "test_loss": 0.26686253639367913, "test_mae": 0.34276071190834045, "test_rmse": 0.516686737537384, "test_r2": 0.7962733968865945, "_wandb": {"runtime": 316}}