{"epoch": 250, "train_loss": 0.26750232204217317, "_timestamp": 1745329845.2240522, "_runtime": 187.81993508338928, "_step": 250, "test_loss": 0.29068787235480087, "test_mae": 0.371340274810791, "test_rmse": 0.5397751927375793, "test_r2": 0.7776592797970296, "_wandb": {"runtime": 185}}