{"epoch": 200, "train_loss": 0.21490335057294646, "_timestamp": 1745327826.2140956, "_runtime": 154.97490549087524, "_step": 200, "test_loss": 0.2599333304625291, "test_mae": 0.34294387698173523, "test_rmse": 0.5100573897361755, "test_r2": 0.8014676528606182, "_wandb": {"runtime": 153}}