{"epoch": 200, "train_loss": 0.2199543992620568, "_timestamp": 1745328144.6205182, "_runtime": 153.22829127311707, "_step": 200, "test_loss": 0.25721798355762776, "test_mae": 0.3451395332813263, "test_rmse": 0.5078239440917969, "test_r2": 0.803202539026522, "_wandb": {"runtime": 151}}