{"epoch": 200, "train_loss": 0.2285186628154082, "_timestamp": 1745328795.0879142, "_runtime": 153.73173022270203, "_step": 200, "test_loss": 0.25737596177137817, "test_mae": 0.3397007882595062, "test_rmse": 0.5081398487091064, "test_r2": 0.8029576050707499, "_wandb": {"runtime": 151}}