{"epoch": 1, "loss": 3.9891466561415108, "bleu": 0.180797782374613, "_timestamp": 1748409277.5611289, "_runtime": 467.33118295669556, "_step": 0}