{"epoch": 200, "train_loss": 0.2318257265832535, "_timestamp": 1745329264.1422303, "_runtime": 146.35881924629211, "_step": 200, "test_loss": 0.26355209258886486, "test_mae": 0.3478718101978302, "test_rmse": 0.5135527849197388, "test_r2": 0.7987372656090448, "_wandb": {"runtime": 144}}