{"epoch": 450, "train_loss": 0.19279775453745857, "_timestamp": 1745331541.5463696, "_runtime": 319.0499036312103, "_step": 450, "test_loss": 0.26131078818669684, "test_mae": 0.34034615755081177, "test_rmse": 0.5115812420845032, "test_r2": 0.8002796415309811, "_wandb": {"runtime": 316}}